Workbook

Sheet Recording settings
A1: Recording settings
A2: Setting | B2: Value | C2: Unit | D2: Note
A3: Gyroscope rate | B3: 190 | C3: Hz
A4: Accelerometer rate | B4: 400 | C4: Hz | D4: not used
A5: Magnetometer rate | B5: 80 | C5: Hz | D5: not used
A6: Graph range | B6: 20 | C6: rad/s | D6: ±20 rad/s on the app graph
A7: Reading resolution, time | B7: 0.011 | C7: s per pixel
A8: Reading resolution, ω | B8: 0.1 | C8: rad/s per pixel
A10: All values read pixel by pixel off the iOLab app screenshots of the five takes, 23 October 2026.

Sheet Timing
A1: Timing of each take (iOLab clock of each recording)
A2: Take | B2: Release (s) | C2: ω reaches 20 rad/s (s) | D2: Back on screen (s) | E2: Release to 20 rad/s (s) | F2: Release to back on screen (s)
A3: 1 | B3: 1.8291 | C3: 2.8187 | D3: 3.0714 | E3: =C3-B3 -> 0.9896 | F3: =D3-B3 -> 1.2423
A4: 2 | B4: 1.95 | C4: 2.9457 | D4: 3.1322 | E4: =C4-B4 -> 0.9957 | F4: =D4-B4 -> 1.1822
A5: 3 | B5: 1.4472 | C5: 2.4323 | D5: 2.6313 | E5: =C5-B5 -> 0.9851 | F5: =D5-B5 -> 1.1841
A6: 4 | B6: 1.6804 | C6: 2.667 | D6: 2.8548 | E6: =C6-B6 -> 0.9866 | F6: =D6-B6 -> 1.1744
A7: 5 | B7: 1.743 | C7: 2.7203 | D7: 2.9064 | E7: =C7-B7 -> 0.9773 | F7: =D7-B7 -> 1.1634
A8: Mean | E8: =AVERAGE(E3:E7) -> 0.98686 | F8: =AVERAGE(F3:F7) -> 1.18928
A10: Release: where the fitted straight line of ω crosses zero. Back on screen: the curve comes back above 20 rad/s after the body has left the board.

Sheet Slopes and results
A1: Slopes and results of each take
A2: Take | B2: α, Part 2 (rad/s²) | C2: α fit SE (rad/s²) | D2: k, Part 1 (rad/s²) | E2: k fit SE (rad/s²) | F2: Angle turned at 19.5 rad/s (rad) | G2: Distance rolled at 19.5 rad/s (m) | H2: I iOLab, Part 1 (×10⁻⁴ kg m²) | I2: I iOLab, Part 2 (×10⁻⁴ kg m²) | J2: I_P, Part 1 (kg m²) | K2: I_P, Part 2 (kg m²)
A3: 1 | B3: 19.8451 | C3: 0.03 | D3: 39.6538 | E3: 0.0616 | F3: 9.6537 | G3: =F3*Inputs!$B$7 -> 0.4923387 | H3: =(J3-Inputs!$B$17-Inputs!$B$15)*10^4 -> 6.6098627 | I3: =(K3-Inputs!$B$17-Inputs!$B$15)*10^4 -> 6.5840331 | J3: =2*Inputs!$B$4*Inputs!$B$3*Inputs!$B$7*Inputs!$B$10/D3 -> 0.0028164407 | K3: =Inputs!$B$4*Inputs!$B$3*Inputs!$B$7*Inputs!$B$10/B3 -> 0.0028138578
A4: 2 | B4: 19.6104 | C4: 0.0338 | D4: 39.2207 | E4: 0.082 | F4: 9.6719 | G4: =F4*Inputs!$B$7 -> 0.4932669 | H4: =(J4-Inputs!$B$17-Inputs!$B$15)*10^4 -> 6.9208721 | I4: =(K4-Inputs!$B$17-Inputs!$B$15)*10^4 -> 6.9207995 | J4: =2*Inputs!$B$4*Inputs!$B$3*Inputs!$B$7*Inputs!$B$10/D4 -> 0.0028475417 | K4: =Inputs!$B$4*Inputs!$B$3*Inputs!$B$7*Inputs!$B$10/B4 -> 0.0028475344
A5: 3 | B5: 19.8722 | C5: 0.0358 | D5: 39.641 | E5: 0.0886 | F5: 9.527 | G5: =F5*Inputs!$B$7 -> 0.485877 | H5: =(J5-Inputs!$B$17-Inputs!$B$15)*10^4 -> 6.618957 | I5: =(K5-Inputs!$B$17-Inputs!$B$15)*10^4 -> 6.5456601 | J5: =2*Inputs!$B$4*Inputs!$B$3*Inputs!$B$7*Inputs!$B$10/D5 -> 0.0028173502 | K5: =Inputs!$B$4*Inputs!$B$3*Inputs!$B$7*Inputs!$B$10/B5 -> 0.0028100205
A6: 4 | B6: 19.8211 | C6: 0.0326 | D6: 39.6838 | E6: 0.0676 | F6: 9.5657 | G6: =F6*Inputs!$B$7 -> 0.4878507 | H6: =(J6-Inputs!$B$17-Inputs!$B$15)*10^4 -> 6.5885711 | I6: =(K6-Inputs!$B$17-Inputs!$B$15)*10^4 -> 6.6181041 | J6: =2*Inputs!$B$4*Inputs!$B$3*Inputs!$B$7*Inputs!$B$10/D6 -> 0.0028143116 | K6: =Inputs!$B$4*Inputs!$B$3*Inputs!$B$7*Inputs!$B$10/B6 -> 0.0028172649
A7: 5 | B7: 20.1558 | C7: 0.0343 | D7: 40.3086 | E7: 0.079 | F7: 9.449 | G7: =F7*Inputs!$B$7 -> 0.481899 | H7: =(J7-Inputs!$B$17-Inputs!$B$15)*10^4 -> 6.1523412 | I7: =(K7-Inputs!$B$17-Inputs!$B$15)*10^4 -> 6.1502792 | J7: =2*Inputs!$B$4*Inputs!$B$3*Inputs!$B$7*Inputs!$B$10/D7 -> 0.0027706886 | K7: =Inputs!$B$4*Inputs!$B$3*Inputs!$B$7*Inputs!$B$10/B7 -> 0.0027704824
A8: Mean | B8: =AVERAGE(B3:B7) -> 19.86092 | D8: =AVERAGE(D3:D7) -> 39.70158 | F8: =AVERAGE(F3:F7) -> 9.57346 | G8: =AVERAGE(G3:G7) -> 0.48824646
A9: SDOM | B9: =STDEV(B3:B7)/SQRT(COUNT(B3:B7)) -> 0.087085483 | D9: =STDEV(D3:D7)/SQRT(COUNT(D3:D7)) -> 0.17406721
A10: Final | H10: =(J10-Inputs!$B$17-Inputs!$B$15)*10^4 -> 6.5759675 | I10: =(K10-Inputs!$B$17-Inputs!$B$15)*10^4 -> 6.5616196 | J10: =2*Inputs!$B$4*Inputs!$B$3*Inputs!$B$7*Inputs!$B$10/D8 -> 0.0028130512 | K10: =Inputs!$B$4*Inputs!$B$3*Inputs!$B$7*Inputs!$B$10/B8 -> 0.0028116164
A11: ± total | H11: ='Uncertainty budget'!B12*10^4 -> 0.64395591 | I11: ='Uncertainty budget'!C12*10^4 -> 0.64372157
A13: α: slope of ω against time, fitted between 2 and 18 rad/s. k: slope of ω² against the angle turned, fitted between 3 and 19 rad/s.
A14: Distance rolled = angle turned × R. Part 1: I_P = 2 M g R sin θ / k. Part 2: I_P = M g R sin θ / α. I iOLab = I_P − M R² − I rolls.
A15: Final row: computed from the mean slopes. ± total: full uncertainty from the budget sheet, not the SDOM.

Sheet Uncertainty budget
A1: Uncertainty budget for I iOLab (kg m²)
A2: Input | B2: Part 1, energy | C2: Part 2, torque | D2: How
A3: Angle | B3: ='Slopes and results'!$J$10*Inputs!$C$10/Inputs!$B$10 -> 4.7836392e-05 | C3: ='Slopes and results'!$K$10*Inputs!$C$10/Inputs!$B$10 -> 4.7811993e-05 | D3: I_P × δsin θ / sin θ
A4: Gyroscope scale | B4: ='Slopes and results'!$J$10*Inputs!$B$11 -> 2.8130512e-05 | C4: ='Slopes and results'!$K$10*Inputs!$B$11 -> 2.8116164e-05 | D4: I_P × 1 %
A5: Roll model | B5: =Inputs!$B$16-Inputs!$B$15 -> 2.74942e-05 | C5: =Inputs!$B$16-Inputs!$B$15 -> 2.74942e-05 | D5: two layer model minus hollow cylinder
A6: Scatter of takes | B6: ='Slopes and results'!$J$10*'Slopes and results'!$D$9/'Slopes and results'!$D$8 -> 1.2333513e-05 | C6: ='Slopes and results'!$K$10*'Slopes and results'!$B$9/'Slopes and results'!$B$8 -> 1.232828e-05 | D6: I_P × SDOM / mean slope
A7: R | B7: =ABS('Slopes and results'!$J$10/Inputs!$B$7-2*Inputs!$B$4*Inputs!$B$7-Inputs!$B$5*Inputs!$B$7)*Inputs!$C$7 -> 9.6928866e-06 | C7: =ABS('Slopes and results'!$K$10/Inputs!$B$7-2*Inputs!$B$4*Inputs!$B$7-Inputs!$B$5*Inputs!$B$7)*Inputs!$C$7 -> 9.7069531e-06 | D7: |∂I iOLab/∂R| × δR
A8: r | B8: =Inputs!$B$5*Inputs!$B$8*Inputs!$C$8 -> 6.69978e-06 | C8: =Inputs!$B$5*Inputs!$B$8*Inputs!$C$8 -> 6.69978e-06 | D8: m rolls × r × δr
A9: Screen reading | B9: ='Slopes and results'!$J$10*Inputs!$B$12 -> 4.5008819e-06 | C9: ='Slopes and results'!$K$10*Inputs!$B$12 -> 4.4985863e-06 | D9: I_P × 0.16 %
A10: M | B10: =ABS('Slopes and results'!$J$10/Inputs!$B$4-Inputs!$B$7^2)*Inputs!$C$4 -> 4.9440793e-08 | C10: =ABS('Slopes and results'!$K$10/Inputs!$B$4-Inputs!$B$7^2)*Inputs!$C$4 -> 4.9389043e-08 | D10: |∂I iOLab/∂M| × δM
A12: Total | B12: =SQRT(SUMSQ(B3:B10)) -> 6.4395591e-05 | C12: =SQRT(SUMSQ(C3:C10)) -> 6.4372157e-05
A14: Each term: |∂I iOLab/∂x| × δx. Terms added in quadrature.

Sheet Inputs
A1: Inputs for the formulas
A2: Quantity | B2: Value | C2: Uncertainty | D2: Unit | E2: Source
A3: g | B3: 9.82 | D3: m/s² | E3: course value
A4: M, whole body | B4: 0.55451 | C4: 2e-05 | D4: kg | E4: lab scale: iOLab 201.89 g + both rolls 352.62 g
A5: m rolls, both | B5: 0.35262 | D5: kg | E5: lab scale
A6: m iOLab | B6: 0.20189 | D6: kg | E6: lab scale
A7: R, outer radius of a roll | B7: 0.051 | C7: 0.0005 | D7: m | E7: outer diameter 10.2 cm, folding rule
A8: r, hole radius of a roll | B8: 0.038 | C8: 0.0005 | D8: m | E8: hole diameter 7.6 cm, folding rule
A9: θ | B9: 11.6 | C9: 0.2 | D9: degree | E9: phone app on the board
A10: sin θ | B10: =SIN(RADIANS(B9)) -> 0.20107792 | C10: =COS(RADIANS(B9))*RADIANS(C9) -> 0.0034193627 | E10: from θ
A11: Gyroscope scale, relative | B11: 0.01 | E11: not calibrated, 1 % allowed
A12: Screen reading, relative | B12: 0.0016 | E12: axis scales from the grid lines
A13: Cardboard core wall | B13: 0.004 | D13: m | E13: estimate from the photos, roll model term only
A14: Cardboard core mass, one roll | B14: 0.025 | D14: kg | E14: estimate, roll model term only
A15: I rolls, ½ m (r² + R²) | B15: =0.5*B5*(B8^2+B7^2) -> 0.00071317395 | D15: kg m² | E15: hollow cylinder
A16: I rolls, two layer model | B16: =0.5*(2*B14)*(B8^2+(B8+B13)^2)+0.5*(B5-2*B14)*((B8+B13)^2+B7^2) -> 0.00074066815 | D16: kg m² | E16: core lighter than tape
A17: M R² | B17: =B4*B7^2 -> 0.0014422805 | D17: kg m²
A19: Blue: measured or read values. Black: formulas.
